{
	"description": "项目配置文件",
	"packOptions": {
		"ignore": []
	},
	"setting": {
		"urlCheck": true,
		"es6": true,
		"postcss": true,
		"minified": true,
		"newFeature": true,
		"autoAudits": false
	},
	"compileType": "miniprogram",
	"libVersion": "2.6.4",
	"appid": "wx77e7bb9328243dbc",
	"projectname": "%E5%A4%A7%E5%94%90%E6%9D%AF",
	"debugOptions": {
		"hidedInDevtools": []
	},
	"isGameTourist": false,
	"condition": {
		"search": {
			"current": -1,
			"list": []
		},
		"conversation": {
			"current": -1,
			"list": []
		},
		"plugin": {
			"current": -1,
			"list": []
		},
		"game": {
			"currentL": -1,
			"list": []
		},
		"miniprogram": {
			"current": 2,
			"list": [
				{
					"id": -1,
					"name": "das ",
					"pathName": "pages/auth/auth",
					"query": "",
					"scene": null
				},
				{
					"id": -1,
					"name": "das ",
					"pathName": "pages/wrong/wrong",
					"query": "",
					"scene": null
				},
				{
					"id": -1,
					"name": "das ",
					"pathName": "pages/wrong/wrong",
					"scene": null
				}
			]
		}
	}
}